// e3

mysql> select * from Entry;
+----+---------------+-----------+----------+---------------------+-------+---------+-------------------------+----------------+----------------------+-------------------------+-------------------+
| id | addressBookId | firstName | lastName | birthday            | type  | subtype | contentLineOne          | contentLineTwo | contentLineThree     | contentLineFour         | contentLineFive   |
+----+---------------+-----------+----------+---------------------+-------+---------+-------------------------+----------------+----------------------+-------------------------+-------------------+
|  1 |         22222 | Roland    | Carrot   | 1998-02-03 00:00:00 | home  | phone   | Arent we all lost?      | what is life   | i cant do it anymore | omg he slept on my desk | that guy is crazy |
|  2 |     224545222 | Ralphd    | Alex     | 1998-02-03 00:00:00 | home  | phone   | Arent we all?           |  life          |  anymore             | omg he slepk            | crazy             |
|  3 |     224545222 | Alphonse  | McTavish | 1998-03-03 00:00:00 | other | email   | Arent we allI like you? |  wefewflife    |  anwfefwefymore      | omg heededed slepk      | crazmamay         |
+----+---------------+-----------+----------+---------------------+-------+---------+-------------------------+----------------+----------------------+-------------------------+-------------------+
3 rows in set (0.00 sec)

mysql> select * from Entry where id < 4;
+----+---------------+-----------+----------+---------------------+-------+---------+-------------------------+----------------+----------------------+-------------------------+-------------------+
| id | addressBookId | firstName | lastName | birthday            | type  | subtype | contentLineOne          | contentLineTwo | contentLineThree     | contentLineFour         | contentLineFive   |
+----+---------------+-----------+----------+---------------------+-------+---------+-------------------------+----------------+----------------------+-------------------------+-------------------+
|  1 |         22222 | Roland    | Carrot   | 1998-02-03 00:00:00 | home  | phone   | Arent we all lost?      | what is life   | i cant do it anymore | omg he slept on my desk | that guy is crazy |
|  2 |     224545222 | Ralphd    | Alex     | 1998-02-03 00:00:00 | home  | phone   | Arent we all?           |  life          |  anymore             | omg he slepk            | crazy             |
|  3 |     224545222 | Alphonse  | McTavish | 1998-03-03 00:00:00 | other | email   | Arent we allI like you? |  wefewflife    |  anwfefwefymore      | omg heededed slepk      | crazmamay         |
+----+---------------+-----------+----------+---------------------+-------+---------+-------------------------+----------------+----------------------+-------------------------+-------------------+
3 rows in set (0.00 sec)

mysql> select * from AddressBook;
+----+-----------+------------------+---------------------+---------------------+
| id | accountId | name             | createdOn           | modifiedOn          |
+----+-----------+------------------+---------------------+---------------------+
|  1 |   2727272 | TimeTravalerRick | 1700-09-09 00:00:00 | 2016-09-09 00:00:00 |
+----+-----------+------------------+---------------------+---------------------+
1 row in set (0.00 sec)

mysql> select * from Account;
+----+------------------+----------+---------------------+---------------------+
| id | email            | password | createdOn           | modifiedOn          |
+----+------------------+----------+---------------------+---------------------+
|  1 | mortar@gmail.com | kill     | 2016-01-01 00:00:00 | 2016-01-02 00:00:00 |
+----+------------------+----------+---------------------+---------------------+
1 row in set (0.00 sec)